<?xml version="1.0" encoding="UTF-8"?>
<project-private xmlns="http://www.netbeans.org/ns/project-private/1">
    <editor-bookmarks xmlns="http://www.netbeans.org/ns/editor-bookmarks/2" lastBookmarkId="0"/>
    <open-files xmlns="http://www.netbeans.org/ns/projectui-open-files/2">
        <group>
            <file>file:/home/tdnavarrom/Downloads/Inte_Datos/src/inte_datos/Reader.java</file>
            <file>file:/home/tdnavarrom/Downloads/Inte_Datos/src/inte_datos/Interface.java</file>
            <file>file:/home/tdnavarrom/Downloads/Inte_Datos/src/inte_datos/Graph.java</file>
            <file>file:/home/tdnavarrom/Downloads/Inte_Datos/src/inte_datos/Reduce.java</file>
            <file>file:/home/tdnavarrom/Downloads/Inte_Datos/src/inte_datos/Edge.java</file>
            <file>file:/home/tdnavarrom/Downloads/Inte_Datos/src/inte_datos/Node.java</file>
        </group>
    </open-files>
</project-private>
